City ID,City,Country,Lat,Lng,Temperature,Humidity,Clouds,Wind Speed
2514216,Manacor,ES,39.5696,3.2096,68.18,77,0,4.41
364933,Umm Kaddadah,SD,13.6017,26.6876,82.92,51,13,3.83
2448083,Agadez,NE,19.75,10.25,77.13,20,4,9.04
4033557,Tautira,PF,-17.7333,-149.15,80.62,74,19,20.54
1296736,Shwebo,MM,22.5667,95.7,77.31,91,100,6.08
5848280,Kapaa,US,22.0752,-159.319,78.66,76,75,1.99
2412408,Nioro,GM,13.35,-15.75,73.02,97,99,7.87
2409914,Bonthe,SL,7.5264,-12.505,75.18,87,98,3.06
2400547,Gamba,GA,-2.65,10.0,75.34,89,100,6.76
5134295,Rome,US,43.2128,-75.4557,61.12,93,1,6.91
4020109,Atuona,PF,-9.8,-139.0333,77.67,79,22,21.83
110690,Abhā,SA,18.2164,42.5053,64.65,45,20,0.0
3893726,Constitución,CL,-35.3333,-72.4167,49.66,90,1,12.21
2075265,Busselton,AU,-33.65,115.3333,63.05,61,69,12.26
5354943,Half Moon Bay,US,37.4636,-122.4286,56.82,86,90,5.75
4030556,Rikitea,PF,-23.1203,-134.9692,74.3,70,0,11.1
5746545,Portland,US,45.5234,-122.6762,64.31,34,90,7.0
1006984,East London,ZA,-33.0153,27.9116,54.54,62,0,13.8
3874787,Punta Arenas,CL,-53.15,-70.9167,35.71,100,90,6.91
5546220,Saint George,US,37.1041,-113.5841,80.17,16,1,1.99
3470137,Belmonte,BR,-15.8631,-38.8828,75.7,82,57,8.84
2264557,Ponta do Sol,PT,32.6667,-17.1,71.94,69,36,4.0
3369157,Cape Town,ZA,-33.9258,18.4232,55.06,77,0,4.0
3833367,Ushuaia,AR,-54.8,-68.3,33.46,86,90,4.61
3457928,Mantenópolis,BR,-18.8625,-41.1228,64.94,93,18,3.56
2126199,Cherskiy,RU,68.75,161.3,46.87,56,96,10.51
3424607,Tasiilaq,GL,65.6145,-37.6368,33.96,66,31,6.78
108410,Riyadh,SA,24.6877,46.7219,78.94,16,21,9.57
6355222,Yulara,AU,-25.2406,130.9889,82.24,26,40,8.05
3883457,Lebu,CL,-37.6167,-73.65,47.12,90,18,3.47
3421765,Nanortalik,GL,60.1432,-45.2371,41.31,72,100,5.06
281133,Gaza,PS,31.5,34.4667,70.83,59,2,2.82
2163355,Hobart,AU,-42.8794,147.3294,57.43,56,75,4.0
4032243,Vaini,TO,-21.2,-175.2,80.76,89,20,5.75
4036284,Alofi,NU,-19.0595,-169.9187,78.69,83,9,11.5
6316343,Alta Floresta,BR,-9.8756,-56.0861,74.32,64,35,2.68
2542997,Marrakesh,MA,31.6315,-8.0083,66.27,77,0,3.44
3414079,Olafsvik,IS,64.8945,-23.7142,45.28,70,97,17.47
3831208,Qaanaaq,GL,77.484,-69.3632,13.51,79,77,7.4
1282256,Hithadhoo,MV,-0.6,73.0833,82.72,75,95,8.79
2630299,Hofn,IS,64.2539,-15.2082,52.7,99,100,7.05
6167817,Torbay,CA,47.6666,-52.7314,56.08,87,75,14.97
3430443,Necochea,AR,-38.5473,-58.7368,52.03,80,0,10.8
2206939,Bluff,NZ,-46.6,168.3333,46.8,58,52,19.13
694590,Semenivka,UA,52.1783,32.5818,47.64,66,99,8.32
2027296,Aykhal,RU,66.0,111.5,34.9,73,100,17.0
1263776,Mangan,IN,27.5167,88.5333,74.43,94,100,1.59
2122090,Pevek,RU,69.7008,170.3133,31.89,86,100,9.69
6201424,Mataura,NZ,-46.1927,168.8643,46.47,55,50,5.64
3355672,Lüderitz,NA,-26.6481,15.1594,60.85,38,3,8.68
1142226,Dawlatabad,AF,36.4141,64.9053,87.06,12,0,3.69
2121385,Severo-Kuril'sk,RU,50.6789,156.125,53.71,71,11,8.61
2092164,Lorengau,PG,-2.0226,147.2712,84.15,68,25,11.79
2065594,Mount Isa,AU,-20.7333,139.5,96.57,11,1,12.66
2110227,Butaritari,KI,3.0707,172.7902,82.8,69,65,13.49
516588,Nyrob,RU,60.733,56.7202,40.41,84,100,8.08
4621846,Farragut,US,35.8845,-84.1535,68.54,95,90,0.0
6165406,Thompson,CA,55.7435,-97.8558,44.76,100,90,2.3
934322,Mahébourg,MU,-20.4081,57.7,71.89,88,40,5.75
3870243,Taltal,CL,-25.4,-70.4833,57.58,75,1,0.72
3430545,Morón,AR,-34.6534,-58.6198,58.75,56,0,1.99
1714733,Dingle,PH,10.9995,122.6711,82.83,79,98,4.47
1510697,Baykalovo,RU,57.3981,63.7684,40.91,96,100,11.18
5122534,Jamestown,US,42.097,-79.2353,63.3,94,1,1.99
5882953,Aklavik,CA,68.2191,-135.0107,50.83,75,66,7.2
2012349,Krasnyy Chikoy,RU,50.3643,108.7512,65.62,51,73,3.18
2019867,Mokhsogollokh,RU,61.4681,128.9203,39.7,94,100,7.99
5880054,Barrow,US,71.2906,-156.7887,35.62,87,90,6.91
2961651,Rush,IE,53.5223,-6.0931,61.18,88,75,12.66
3465769,Conceição da Barra,BR,-18.5933,-39.7322,71.01,85,0,4.36
5106841,Albany,US,42.6001,-73.9662,64.09,90,65,3.53
2288105,Grand-Lahou,CI,5.1367,-5.0242,74.41,95,56,5.46
2063036,Port Lincoln,AU,-34.7333,135.8667,61.68,58,2,27.51
2514301,Mahon,ES,39.8885,4.2658,70.36,88,20,6.91
1517637,Ushtobe,KZ,45.2514,77.9838,82.87,16,10,9.26
2037485,Erenhot,CN,43.6475,111.9767,70.84,26,1,7.85
2021188,Kurumkan,RU,54.3,110.3,52.02,47,19,3.94
3372707,Ribeira Grande,PT,38.5167,-28.7,71.26,88,44,17.94
2112802,Hasaki,JP,35.7333,140.8333,77.4,64,100,14.29
3366880,Hermanus,ZA,-34.4187,19.2345,49.8,75,0,9.66
6170031,Tuktoyaktuk,CA,69.4541,-133.0374,48.2,76,75,11.5
3382160,Cayenne,GF,4.9333,-52.3333,82.09,73,20,7.0
1040652,Maputo,MZ,-25.9653,32.5892,62.22,85,75,11.01
4035715,Avarua,CK,-21.2078,-159.775,77.05,78,90,13.8
2155415,New Norfolk,AU,-42.7826,147.0587,57.11,50,64,10.29
3652764,Puerto Ayora,EC,-0.7393,-90.3518,67.55,96,58,8.01
3839307,Rawson,AR,-43.3002,-65.1023,58.1,54,40,11.59
1791779,Wanning,CN,18.8003,110.3967,88.48,62,9,8.08
3629710,Puerto Ayacucho,VE,5.6639,-67.6236,73.35,93,7,2.95
2017155,Saskylakh,RU,71.9167,114.0833,34.41,96,100,18.99
6185377,Yellowknife,CA,62.456,-114.3525,41.52,75,40,6.91
1649150,Bengkulu,ID,-3.8004,102.2655,87.3,60,5,7.94
1510689,Baykit,RU,61.67,96.37,47.37,62,100,7.11
863061,Usinsk,RU,65.9939,57.5281,39.85,83,100,17.4
286621,Salalah,OM,17.0151,54.0924,81.3,83,90,5.73
2136697,Lakatoro,VU,-16.0999,167.4164,78.98,76,37,7.47
111453,Zanjān,IR,36.6736,48.4787,64.09,27,0,4.61
2112309,Katsuura,JP,35.1333,140.3,75.22,67,99,13.89
118994,Rafsanjān,IR,30.4067,55.9939,80.62,5,0,1.28
4845585,Westport,US,41.1415,-73.3579,69.69,91,90,7.0
3418910,Upernavik,GL,72.7868,-56.1549,24.94,64,100,5.08
3698359,Chicama,PE,-7.8447,-79.1469,63.63,81,87,7.25
481548,Troitsko-Pechorsk,RU,62.7084,56.1964,40.87,76,99,7.25
2022572,Khatanga,RU,71.9667,102.5,34.79,72,99,7.78
3374210,São Filipe,CV,14.8961,-24.4956,79.38,81,100,8.14
5557293,Sitka,US,57.0531,-135.33,53.49,58,90,17.27
1736405,Jertih,MY,5.7336,102.4897,82.27,59,85,4.79
2126123,Chokurdakh,RU,70.6333,147.9167,38.62,90,100,7.49
2206874,Waipawa,NZ,-41.4122,175.5153,44.62,75,100,11.63
3401845,Conceição do Araguaia,BR,-8.2578,-49.2647,75.33,88,0,2.3
1015776,Bredasdorp,ZA,-34.5322,20.0403,51.12,87,2,1.14
1807112,Huangzhou,CN,30.45,114.8,86.18,58,0,5.88
4164601,Miramar,US,25.9873,-80.2323,78.13,87,1,0.0
4031637,Lavrentiya,RU,65.5833,-171.0,37.33,64,100,3.13
5605242,Rexburg,US,43.826,-111.7897,54.37,32,1,11.5
5287262,Buckeye,US,33.3703,-112.5838,91.71,27,0,4.92
5866583,Saint Paul Harbor,US,57.79,-152.4072,50.13,93,100,24.11
359783,Assiut,EG,27.181,31.1837,69.98,65,0,16.2
1173464,Kohlu,PK,29.8962,69.252,86.59,30,0,2.46
2271968,Aljezur,PT,37.3191,-8.8033,63.59,88,0,9.24
5391295,Salinas,US,36.6777,-121.6555,57.42,80,90,10.36
1507390,Dikson,RU,73.5069,80.5464,34.7,75,100,17.72
3416888,Grindavik,IS,63.8424,-22.4338,45.07,70,75,23.02
6255012,Flinders,AU,-34.5833,150.8552,70.09,61,1,5.01
686090,Asău,RO,46.4333,26.4,61.48,79,100,5.03
1260716,Pāli,IN,25.7667,73.3333,91.44,52,3,6.87
3931470,Puerto Maldonado,PE,-12.6,-69.1833,71.73,93,98,2.55
1516048,Khovd,MN,48.0056,91.6419,66.97,25,74,1.57
3361934,Saldanha,ZA,-33.0117,17.9442,44.65,75,0,11.45
1492252,Sheregesh,RU,52.9209,87.9869,66.6,39,26,3.42
2084442,Vanimo,PG,-2.6741,141.3028,84.54,67,53,10.6
2181625,Te Anau,NZ,-45.4167,167.7167,42.31,85,92,2.15
2028462,Ulaanbaatar,MN,47.9077,106.8832,68.13,32,20,4.47
2294915,Takoradze,GH,4.8845,-1.7554,74.91,94,55,6.24
1814093,Dali,CN,25.7,100.1833,71.35,69,79,3.87
4726521,San Patricio,US,28.017,-97.5169,78.69,74,97,5.99
1540711,Muravlenko,RU,63.7898,74.523,40.37,95,100,23.15
5855927,Hilo,US,19.7297,-155.09,76.68,81,20,3.44
1649378,Tambun,ID,-6.2641,107.0712,91.44,55,40,13.8
3430863,Mar del Plata,AR,-38.0023,-57.5575,50.02,87,0,6.91
964420,Port Elizabeth,ZA,-33.918,25.5701,52.09,87,75,16.11
3932145,Pisco,PE,-13.7,-76.2167,60.85,82,75,4.61
3407762,Amapá,BR,1.0,-52.0,69.8,99,34,1.68
4581833,Hilton Head,US,32.2163,-80.7526,75.09,89,90,0.0
546105,Nikolskoye,RU,59.7035,30.7861,37.29,86,61,3.29
1516589,Zhezkazgan,KZ,47.8043,67.7144,76.55,26,49,21.3
3393692,Itarema,BR,-2.9248,-39.9167,78.46,85,10,16.75
1502526,Kormilovka,RU,55.0026,74.1028,51.55,45,9,11.79
523392,Naryan-Mar,RU,67.6713,53.087,43.93,79,100,14.07
6067472,Marystown,CA,47.1666,-55.1483,53.56,82,95,7.47
1283217,Khanbari,NP,27.3747,87.2039,70.68,96,100,2.51
4505215,Amberley,US,39.2048,-84.428,65.71,89,20,0.0
6111862,Port Hardy,CA,50.6996,-127.4199,50.18,87,90,6.91
2729907,Longyearbyen,SJ,78.2186,15.6401,39.04,87,75,2.3
2210554,Sirte,LY,31.2089,16.5887,74.34,65,0,7.56
2183774,Ranfurly,NZ,-45.1333,170.1,37.08,71,82,8.59
5369578,Madera,US,37.1666,-119.8343,72.23,35,0,5.32
2162683,Innisfail,AU,-17.5333,146.0333,75.99,58,18,9.84
3521972,Panabá,MX,21.2833,-88.2667,78.87,86,98,9.93
5392171,San Jose,US,37.3394,-121.895,59.09,81,20,8.05
964712,Plettenberg Bay,ZA,-34.0527,23.3716,52.18,77,62,6.02
1263752,Māngrol,IN,21.1167,70.1167,81.95,81,91,14.52
1242110,Kalmunai,LK,7.4167,81.8167,88.83,56,95,8.25
1061605,Manakara,MG,-22.1333,48.0167,71.42,77,9,9.28
4034551,Faanui,PF,-16.4833,-151.75,79.14,72,0,22.3
5870133,Nome,US,64.5011,-165.4064,46.45,54,1,11.5
4031574,Provideniya,RU,64.3833,-173.3,39.31,70,75,8.95
3577154,Oranjestad,AW,12.524,-70.027,84.15,79,20,19.57
1501230,Kurya,RU,51.6003,82.2888,74.01,21,65,21.21
777019,Vardø,NO,70.3705,31.1107,44.4,67,69,11.34
2012530,Zhigansk,RU,66.7697,123.3711,47.93,54,92,11.3
3401148,Cururupu,BR,-1.8283,-44.8683,74.82,92,1,3.11
1254046,Tura,IN,25.5198,90.2201,81.07,84,99,4.94
3448903,São João da Barra,BR,-21.6403,-41.0511,72.27,92,100,14.92
2074865,Carnarvon,AU,-24.8667,113.6333,71.67,28,0,19.57
3412093,Vestmannaeyjar,IS,63.4427,-20.2734,49.26,80,83,27.51
2012956,Yerbogachën,RU,61.2767,108.0108,50.56,47,21,7.76
3460495,Ivaiporã,BR,-24.2478,-51.6847,58.68,89,60,12.48
3358666,Aranos,NA,-24.1333,19.1167,45.37,26,1,9.48
230725,Koboko,UG,3.4136,30.9599,63.5,88,98,4.54
6944109,Notre-Dame-du-Lac,CA,47.6136,-68.7964,45.25,93,0,3.58
2396518,Port-Gentil,GA,-0.7193,8.7815,77.63,79,100,9.69
2191562,Dunedin,NZ,-45.8742,170.5036,44.8,58,68,5.01
2319133,Warri,NG,5.5167,5.75,75.18,95,100,2.06
3387204,Soure,BR,-0.7167,-48.5233,79.02,82,13,7.0
2641434,Northam,GB,51.0333,-4.2167,57.16,94,100,11.05
935215,Saint-Philippe,RE,-21.3585,55.7679,77.14,73,6,1.9
3354071,Oranjemund,NA,-28.55,16.4333,57.02,43,4,11.72
665628,Ţaga,RO,46.95,24.05,62.92,82,100,3.22
2013406,Vidim,RU,56.4088,103.1106,49.84,46,91,6.38
227592,Katete,UG,-0.7818,29.7544,62.76,89,100,1.48
694715,Sednëv,UA,51.6447,31.565,49.19,71,100,6.4
5106279,West Milford,US,41.1312,-74.3674,68.23,91,100,6.78
5983720,Iqaluit,CA,63.7506,-68.5145,35.33,80,20,8.05
3423146,Ilulissat,GL,69.2167,-51.1,12.97,68,0,6.44
2216645,Hūn,LY,29.1268,15.9477,70.41,50,0,6.2
2015306,Tiksi,RU,71.6872,128.8694,38.19,87,100,13.58
3702577,Portobelo,PA,9.55,-79.65,77.77,86,72,4.83
1852357,Shimoda,JP,34.6667,138.95,73.76,84,100,3.42
8079926,Labuhan,ID,-6.8844,112.2051,89.92,55,5,9.08
2610343,Vestmanna,FO,62.1564,-7.1664,52.72,100,90,19.57
2249281,Linguère,SN,15.3953,-15.1193,79.54,79,99,5.61
1490256,Talnakh,RU,69.4865,88.3972,43.3,67,12,2.35
1643837,Gorontalo,ID,0.5412,123.0595,77.92,91,100,2.51
1502422,Kosh-Agach,RU,50.0,88.6667,56.79,34,18,1.88
4031742,Egvekinot,RU,66.3167,-179.1667,30.81,86,94,3.15
3421719,Narsaq,GL,60.9167,-46.05,38.16,62,95,5.55
53372,Oodweyne,SO,9.4092,45.064,79.23,49,45,17.09
1715015,Dicabisagan,PH,17.0818,122.4157,87.6,65,100,6.58
5554072,Juneau,US,58.3019,-134.4197,46.31,90,90,9.22
2059470,Victor Harbor,AU,-35.5667,138.6167,67.68,48,3,4.0
5861897,Fairbanks,US,64.8378,-147.7164,46.83,65,20,0.0
525025,Moshenskoye,RU,58.5102,34.5911,37.35,87,59,3.62
2158767,Mareeba,AU,-17.0,145.4333,81.39,41,5,10.94
5821593,Cody,US,44.5263,-109.0565,44.51,64,90,8.05
3471451,Arraial do Cabo,BR,-22.9661,-42.0278,68.81,92,100,15.21
5969025,Haines Junction,CA,60.7522,-137.5108,40.95,75,98,4.61
3899695,Ancud,CL,-41.8697,-73.8203,49.53,93,100,14.38
1259385,Port Blair,IN,11.6667,92.75,80.64,89,75,11.5
1153035,Kathu,TH,7.9178,98.3332,87.62,67,71,1.52
1651591,Amahai,ID,-3.3333,128.9167,81.09,78,92,12.53
1067565,Beloha,MG,-25.1667,45.05,74.48,56,0,8.41
3669087,Pueblo Bello,CO,8.2041,-76.526,73.78,97,84,1.77
4021858,Guerrero Negro,MX,27.9769,-114.0611,69.82,80,8,16.64
779622,Havøysund,NO,70.9963,24.6622,43.03,72,99,11.54
2303611,Esim,GH,4.8699,-2.2405,75.15,93,52,4.88
2171099,Codrington,AU,-38.2667,141.9667,67.28,61,10,21.7
5282297,Bethel,US,41.3712,-73.414,68.11,90,100,1.99
3893656,Copiapó,CL,-27.3667,-70.3333,49.69,56,22,0.92
3372783,Ponta Delgada,PT,37.7333,-25.6667,68.72,83,20,5.75
3131500,Visnes,NO,59.3556,5.2242,53.55,87,75,9.22
1784055,Zhuanghe,CN,39.7008,122.9911,76.14,66,84,4.5
639734,Rauma,FI,61.1272,21.5113,42.84,76,98,10.76
244878,Biltine,TD,14.5333,20.9167,82.89,36,69,1.43
123941,Mīnāb,IR,27.1467,57.0801,90.9,36,0,3.85
2171465,Clarence Town,AU,-32.5833,151.7833,69.01,37,0,0.69
2122605,Okhotsk,RU,59.3833,143.3,55.47,83,100,33.73
2077895,Alice Springs,AU,-23.7,133.8833,85.55,17,100,8.05
3921355,Challapata,BO,-18.9,-66.7667,47.71,69,100,3.09
2514651,Los Llanos de Aridane,ES,28.6585,-17.9182,68.13,82,90,14.97
1735106,George Town,MY,5.4112,100.3354,78.22,91,40,10.36
198629,Eldoret,KE,0.5204,35.2699,59.09,94,75,2.3
2450173,Taoudenni,ML,22.6783,-3.9836,92.17,26,43,8.16
1056899,Sambava,MG,-14.2667,50.1667,74.17,72,54,6.85
3580477,West Bay,KY,19.3667,-81.4167,84.02,82,95,5.01
1563281,Tuy Hoa,VN,13.0833,109.3,88.47,61,9,6.55
3247554,Čelinac,BA,44.7228,17.3278,59.67,72,64,4.07
2387926,Bouar,CF,5.934,15.596,62.73,98,100,2.35
1524302,Ereymentau,KZ,51.6199,73.1033,62.46,38,23,14.88
5386754,Redlands,US,34.0556,-117.1825,67.59,60,1,4.61
5367788,Lompoc,US,34.6391,-120.4579,55.53,82,90,3.44
1248991,Colombo,LK,6.9319,79.8478,84.15,78,82,10.2
2281120,Tabou,CI,4.423,-7.3528,76.33,88,91,7.05
151920,Nansio,TZ,-2.1333,33.05,71.8,68,62,8.25
363885,Wau,SS,7.7029,27.9953,70.72,97,100,5.12
2173911,Broken Hill,AU,-31.95,141.4333,78.51,19,90,13.8
3385922,Tuntum,BR,-5.2581,-44.6489,76.03,70,62,4.27
3038789,Abbeville,FR,50.1,1.8333,53.1,91,18,4.09
2126682,Bilibino,RU,68.0546,166.4372,36.52,75,73,6.29
2240449,Luanda,AO,-8.8368,13.2343,69.8,94,75,5.75
1090397,Bandrele,YT,-12.9067,45.1914,76.75,83,20,4.61
103630,Najrān,SA,17.4924,44.1277,70.45,17,6,2.59
1316703,Kyaukse,MM,21.6,96.1333,78.89,88,100,1.97
933995,Souillac,MU,-20.5167,57.5167,71.98,88,40,5.75
3118304,Llanes,ES,43.4198,-4.7549,60.85,79,33,3.0
2318123,Yenagoa,NG,4.9247,6.2642,74.75,95,100,2.73
4047434,Russell,US,32.3502,-85.1999,73.13,90,75,4.61
2180991,Tolaga Bay,NZ,-38.3667,178.3,48.81,91,100,19.91
1519691,Sarkand,KZ,45.41,79.9186,79.21,17,44,7.02
7117100,Vila,PT,42.0304,-8.1588,49.93,93,5,1.54
2629833,Husavik,IS,66.0449,-17.3389,48.11,94,100,8.9
6137462,Saint-Augustin,CA,51.226,-58.6502,49.15,75,16,7.63
2185763,Okato,NZ,-39.2,173.8833,47.68,64,100,12.64
1337607,Kudahuvadhoo,MV,2.6708,72.8944,83.16,73,91,6.49
964432,Port Alfred,ZA,-33.5906,26.891,55.69,72,72,17.2
2014694,Tyrma,RU,50.0833,132.1667,65.39,47,40,8.9
1631766,Pekalongan,ID,-6.8886,109.6753,87.58,61,5,8.12
1854774,Ōdachō-ōda,JP,35.1833,132.5,83.17,82,93,5.06
1106677,Bambous Virieux,MU,-20.3428,57.7575,71.85,88,40,5.75
2980080,Saint-François,FR,46.4154,3.9054,54.84,100,0,2.3
3980683,Valentín Gómez Farías,MX,28.2167,-106.5833,66.69,55,48,8.77
1637001,Biak,ID,-0.9131,122.8766,78.3,74,100,5.95
3388341,Passo de Camaragibe,BR,-9.2368,-35.4901,76.55,94,13,3.0
2206894,Hokitika,NZ,-42.7167,170.9667,54.84,46,0,2.17
4513583,Hamilton,US,39.1834,-84.5333,66.51,93,20,0.0
3520922,Quechultenango,MX,17.4167,-99.2167,70.23,98,98,1.45
88533,Awjilah,LY,29.1081,21.2869,71.85,57,0,7.52
1835848,Seoul,KR,37.5683,126.9778,79.81,51,0,19.57
1726449,Basco,PH,20.4487,121.9702,84.33,76,78,8.55
1529376,Korla,CN,41.7597,86.1469,80.78,20,72,5.93
5768244,Rapid Valley,US,44.0625,-103.1463,51.06,62,1,1.01
140463,Birjand,IR,32.8663,59.2211,72.07,10,0,6.91
1688696,San Policarpo,PH,12.1791,125.5072,83.59,73,100,5.82
89113,Ajdabiya,LY,30.7554,20.2263,70.79,76,0,5.95
1650232,Banjar,ID,-8.19,114.9675,85.86,73,99,1.16
1789289,Dayong,CN,25.0209,118.2898,89.28,66,9,4.59
5847411,Kahului,US,20.8947,-156.47,79.66,67,1,19.57
5690366,Mandan,US,46.8267,-100.8896,55.49,58,90,19.57
5364271,Laguna,US,38.421,-121.4238,64.69,72,1,3.0
2123814,Leningradskiy,RU,69.3833,178.4167,32.18,79,100,6.78
2210247,Tripoli,LY,32.8752,13.1875,79.02,48,0,9.55
1651810,Airai,TL,-8.9266,125.4092,78.69,32,0,6.06
3480908,La Asuncion,VE,11.0333,-63.8628,80.26,84,0,15.19
6164499,The Pas,CA,53.8251,-101.2541,44.62,93,90,16.08
3492985,Santa Cruz de Barahona,DO,18.2085,-71.1008,79.2,82,85,1.95
3393536,Olinda,BR,-8.0089,-34.8553,76.73,69,40,12.66
1495626,Pangody,RU,65.85,74.4859,40.57,88,99,20.42
1631393,Prabumulih,ID,-3.45,104.25,91.56,46,10,4.63
218229,Bongandanga,CD,1.5,21.05,67.84,97,100,1.81
101312,Turaif,SA,31.6725,38.6637,68.25,73,0,19.57
3985710,Cabo San Lucas,MX,22.8909,-109.9124,81.82,84,15,1.01
4005143,Guaymas,MX,27.9333,-110.9,83.41,71,2,7.81
2128983,Nayoro,JP,44.3506,142.4578,70.16,45,58,9.06
1313479,Loikaw,MM,19.6742,97.2094,70.63,96,100,3.71
3460214,Jaguariaíva,BR,-24.2511,-49.7058,55.99,94,98,7.61
55671,Kismayo,SO,-0.3582,42.5454,79.65,75,44,13.96
2386756,Gamboula,CF,4.1178,15.1393,67.64,99,100,2.08
5924351,Clyde River,CA,70.4692,-68.5914,29.01,74,82,5.32
610298,Beyneu,KZ,45.3167,55.2,64.92,29,28,18.99
4362001,Mayo,US,38.8876,-76.5119,72.59,93,90,8.01
4956335,Yarmouth,US,41.7057,-70.2286,66.06,96,90,5.99
2022773,Khandyga,RU,62.6667,135.6,53.33,82,100,3.6
3663517,Manaus,BR,-3.1019,-60.025,75.69,94,40,2.3
2032201,Bulgan,MN,48.8125,103.5347,63.54,52,40,3.76
2121025,Srednekolymsk,RU,67.45,153.6833,57.61,46,100,7.38
1337613,Kulhudhuffushi,MV,6.6221,73.07,81.91,79,85,12.66
1529484,Kumul,CN,42.8,93.45,85.21,13,99,6.82
3372760,Praia da Vitória,PT,38.7333,-27.0667,70.05,94,75,13.62
2015852,Svetlaya,RU,46.5389,138.3297,68.14,58,21,6.76
100926,Umluj,SA,25.0213,37.2685,82.58,70,15,6.91
2167426,Emerald,AU,-23.5333,148.1667,84.34,26,0,11.5
6089245,Norman Wells,CA,65.282,-126.8329,44.64,76,75,6.91
2068110,Kununurra,AU,-15.7667,128.7333,98.58,26,40,5.75
5392593,San Ramon,US,37.7799,-121.978,55.4,85,0,7.0
2985947,Porto-Vecchio,FR,41.591,9.2795,73.04,83,75,10.36
315498,Heraclea,TR,37.5133,34.0467,56.53,76,31,3.31
777682,Skjervøy,NO,70.0311,20.9714,42.8,70,100,10.8
3466165,Cidreira,BR,-30.1811,-50.2056,60.66,78,35,17.29
1244926,Hambantota,LK,6.1241,81.1185,91.74,66,40,12.66
942701,Vrede,ZA,-27.4257,29.1659,44.22,76,43,11.5
3391889,Pitimbu,BR,-7.4706,-34.8086,73.99,83,30,11.01
3421982,Maniitsoq,GL,65.4167,-52.9,36.73,54,94,5.64
1735799,Sri Aman,MY,1.2376,111.4621,89.65,66,40,2.3
3382867,Totness,SR,5.8833,-56.3167,79.84,82,2,10.04
986717,Kruisfontein,ZA,-34.0033,24.7314,48.88,79,81,11.36
3372964,Lagoa,PT,39.05,-27.9833,68.4,83,94,15.77
1509999,Blagoveshchenka,RU,52.8333,79.8667,74.16,22,100,20.02
5110365,Broome,US,42.2506,-75.833,65.28,77,81,1.99
709450,Duliby,UA,49.2313,23.8153,59.16,87,89,4.29
463355,Zheleznodorozhnyy,RU,55.7503,38.0042,42.62,63,100,5.1
3386213,Touros,BR,-5.1989,-35.4608,74.3,87,6,13.98
2122493,Omsukchan,RU,62.5333,155.8,57.04,45,21,11.16
1490918,Staryy Nadym,RU,65.6118,72.6842,42.6,79,100,23.02
2454955,Kolokani,ML,13.5728,-8.0339,72.57,91,63,4.05
167357,Manbij,SY,36.5281,37.9549,63.37,70,0,11.41
110690,Faya,SA,18.3851,42.4509,64.92,34,9,2.73
1487112,Vikulovo,RU,56.8167,70.6107,45.64,76,80,11.16
5072006,Lincoln,US,40.8,-96.667,75.85,68,1,5.01
1728675,Balabac,PH,7.9868,117.0645,83.55,71,100,8.39
2126785,Belaya Gora,RU,68.5333,146.4167,54.73,52,73,4.05
5000950,Marquette,US,46.5333,-87.6335,64.04,72,40,1.01
2986159,Arrondissement de Pontivy,FR,48.0,-3.0,53.4,91,100,3.2
3893629,Coquimbo,CL,-29.9533,-71.3436,55.13,82,75,4.61
1266135,Korampallam,IN,8.7667,78.1,91.69,55,40,4.61
1252783,Yārāda,IN,17.65,83.2667,89.92,66,75,9.22
217562,Butembo,CD,0.15,29.2833,58.48,91,98,2.46
1272140,Dwārka,IN,22.2394,68.9678,83.19,83,100,15.41
2137773,Vao,NC,-22.6667,167.4833,68.99,57,0,15.95
5583997,Ammon,US,43.4696,-111.9666,53.96,40,24,1.01
4094455,Tuscaloosa,US,33.2098,-87.5692,74.79,97,90,5.75
2090021,Namatanai,PG,-3.6667,152.4333,83.05,73,48,10.02
5947035,Eganville,CA,45.5334,-77.0994,55.51,78,0,4.65
140918,Behshahr,IR,36.6923,53.5526,75.15,88,91,7.99
3466704,Castro,BR,-24.7911,-50.0119,53.29,97,100,7.96
684103,Boşorod,RO,45.6833,23.0833,62.46,86,100,3.31
3460087,Jardim,BR,-21.4803,-56.1381,74.53,77,32,3.6
157429,Kilindoni,TZ,-7.9139,39.6668,76.59,73,38,7.94
2180815,Tuatapere,NZ,-46.1333,167.6833,46.81,59,89,3.67
2136825,Isangel,VU,-19.55,169.2667,75.31,78,87,9.22
3175096,Laas,IT,46.6166,10.7002,56.17,94,100,4.81
1509902,Bogandinskiy,RU,56.8937,65.8938,43.07,90,100,8.68
2618795,Klaksvík,FO,62.2266,-6.589,54.52,98,100,25.61
2152659,Port Macquarie,AU,-31.4333,152.9167,67.96,57,8,13.22
1513491,Yangi Marg`ilon,UZ,40.4272,71.7189,84.87,16,0,2.3
2027044,Batagay,RU,67.6333,134.6333,49.64,68,100,3.11
2155562,Nelson Bay,AU,-32.7167,152.15,67.96,64,0,3.0
5729485,Gresham,US,45.4982,-122.4315,62.17,41,98,4.16
5703673,Elko,US,41.0002,-115.5012,58.95,26,21,11.99
5392368,San Marcos,US,33.1434,-117.1661,62.49,83,90,1.01
5113760,Corning,US,42.1428,-77.0547,64.06,96,75,0.0
474470,Verkhnyaya Toyma,RU,62.2349,44.9985,40.21,97,100,6.06
1258338,Ratnagiri,IN,16.9833,73.3,82.26,75,67,5.82
2111884,Miyako,JP,39.6367,141.9525,70.83,72,100,12.8
1850523,Tateyama,JP,34.9833,139.8667,74.64,69,100,13.11
258241,Lithakia,GR,37.7167,20.8333,63.77,67,6,2.33
7647007,Bariloche,AR,-41.1456,-71.3082,46.15,76,75,12.66
3984997,San Quintín,MX,30.4833,-115.95,67.41,79,2,11.74
1285173,Yenangyaung,MM,20.4667,94.8833,83.88,73,99,11.74
5962442,Goderich,CA,43.7501,-81.7165,60.98,72,6,9.22
2127060,Arman',RU,59.7,150.1667,55.22,73,50,5.55
2633274,Akureyri,IS,65.6835,-18.0878,48.13,100,40,5.75
2125906,Dukat,RU,62.55,155.55,56.12,42,19,13.62
2515555,La Roda,ES,39.2167,-2.15,56.93,63,13,2.26
1857260,Mikuni,JP,36.2171,136.1519,78.71,85,100,5.75
296852,Erzin,TR,36.9559,36.2,64.92,71,7,1.59
3628473,San Cristobal,VE,7.7669,-72.225,64.13,96,72,3.15
5587698,Caldwell,US,43.6629,-116.6874,51.71,48,1,4.61
3420846,Qaqortoq,GL,60.7167,-46.0333,39.74,68,99,6.53
3837213,San Juan,AR,-31.5375,-68.5364,65.73,24,0,11.77
2064735,Nhulunbuy,AU,-12.2333,136.7667,84.81,54,40,16.11
3471896,Aquidauana,BR,-20.4711,-55.7872,76.24,76,56,4.14
516539,Nyuksenitsa,RU,60.4128,44.2397,37.6,90,96,7.99
4406282,Rolla,US,37.9514,-91.7713,67.78,77,3,1.01
6620339,Karratha,AU,-20.7377,116.8463,84.33,25,69,5.79
3141667,Roald,NO,62.5833,6.1333,53.65,94,75,3.44
3351380,Caconda,AO,-13.7333,15.0667,57.76,77,3,3.09
2523082,Syracuse,IT,37.0881,15.2792,77.79,54,27,9.6
1499053,Megion,RU,61.0296,76.1136,51.82,89,100,15.41
462626,Zilair,RU,52.2332,57.4392,40.91,74,63,10.6
1863495,Gushikawa,JP,26.3544,127.8686,87.39,70,1,9.22
1160939,Iranshahr,IR,27.2025,60.6848,86.34,7,0,4.61
2030065,Mandalgovi,MN,45.7625,106.2708,72.19,16,41,13.56
1651531,Ambon City,ID,-3.6954,128.1814,84.34,74,40,4.61
3058268,Partizánske,SK,48.6286,18.3846,61.88,99,100,1.34
3901903,Uyuni,BO,-20.4597,-66.825,45.05,57,84,11.77
300791,Simav,TR,39.0882,28.9777,57.04,68,0,4.03
6148373,Sioux Lookout,CA,50.1001,-91.917,55.47,94,75,3.44
2867543,Münster,DE,51.9624,7.6257,55.11,94,20,3.44
1256593,Sheopur,IN,25.6667,76.7,74.95,89,100,12.68
1519422,Semey,KZ,50.4111,80.2275,79.02,14,0,6.71
230617,Kotido,UG,2.9806,34.1331,69.85,75,82,1.59
5905393,Bonavista,CA,48.6499,-53.1147,51.8,82,42,15.19
2253354,Dakar,SN,14.6937,-17.4441,79.68,82,97,5.21
3570392,Le Vauclin,MQ,14.5452,-60.8388,80.65,83,40,2.3
3838859,Río Gallegos,AR,-51.6226,-69.2181,35.65,100,75,3.44
921900,Dzaoudzi,YT,-12.7887,45.2699,76.89,83,20,4.61
1488838,Tyazhinskiy,RU,56.116,88.524,66.04,52,96,8.63
2013279,Vostok,RU,46.4856,135.8833,61.41,59,79,6.35
1214488,Meulaboh,ID,4.1363,96.1285,85.23,65,77,6.29
4033543,Teahupoo,PF,-17.8333,-149.2667,75.16,77,24,21.54
118063,Sabzawār,IR,36.2126,57.6819,74.48,16,0,13.8
6096551,Pangnirtung,CA,66.1451,-65.7125,33.66,83,100,0.92
1488903,Turukhansk,RU,65.8167,87.9833,44.65,73,100,19.77
1794903,Shiyan,CN,32.6475,110.7781,70.09,95,100,3.56
2017215,Sangar,RU,63.9242,127.4739,47.82,97,100,4.79
197745,Garissa,KE,-0.4536,39.6401,76.17,70,64,18.43
1623197,Tual,ID,-5.6667,132.75,80.92,76,42,17.96
2685750,Östersund,SE,63.1792,14.6357,41.45,87,90,11.5
2126710,Beringovskiy,RU,63.05,179.3167,41.58,65,82,18.23
1512019,Aksarka,RU,66.5606,67.7975,39.06,85,100,14.27
2015179,Tommot,RU,58.9564,126.2925,38.71,98,100,14.29
211647,Lodja,CD,-3.4833,23.4333,69.91,89,91,2.66
1504075,Kazachinskoye,RU,57.6953,93.2761,55.06,74,97,7.31
1028434,Quelimane,MZ,-17.8786,36.8883,71.55,94,0,5.75
72181,Marzuq,YE,14.4,46.4667,84.72,17,0,4.54
6149996,Smithers,CA,54.7804,-127.1743,44.92,76,90,4.61
236901,Ouadda,CF,8.0777,22.4007,66.45,98,100,3.94
2638419,Scarborough,GB,54.2797,-0.4044,53.46,89,100,4.0
1687894,Santa Rosa,PH,14.3122,121.1114,90.32,62,51,8.39
3662342,São Gabriel da Cachoeira,BR,-0.1303,-67.0892,72.68,92,28,0.72
1795632,Shenjiamen,CN,29.9576,122.298,76.68,64,6,14.54
1500933,Labytnangi,RU,66.6572,66.4183,39.11,91,99,16.87
1486321,Yar-Sale,RU,66.8333,70.8333,41.59,82,94,19.46
471160,Voznesen'ye,RU,61.0106,35.4781,42.64,82,88,10.18
535839,Leshukonskoye,RU,64.8989,45.7622,38.48,85,99,8.86
2654970,Brae,GB,60.3964,-1.353,57.11,92,99,21.56
2332515,Lafia,NG,8.4833,8.5167,73.36,99,100,3.15
5380437,Pacific Grove,US,36.6177,-121.9166,56.91,86,90,1.01
2122850,Nikolayevsk-on-Amur,RU,53.1406,140.73,67.73,40,47,13.73
156493,Kongwa,TZ,-6.2,36.4167,68.13,71,9,3.71
2374583,Bubaque,GW,11.2833,-15.8333,79.16,78,98,6.35
107304,Buraidah,SA,26.326,43.975,77.45,18,82,7.49
1701054,Marawi,PH,7.9986,124.2928,70.65,90,84,4.54
706757,Soledar,UA,48.6794,38.089,56.82,45,22,2.93
3616594,San Rafael del Sur,NI,11.8485,-86.4384,77.97,89,54,5.1
1082243,Ambilobe,MG,-13.2,49.05,79.59,52,72,4.47
905846,Mpika,ZM,-11.8343,31.4529,67.33,53,4,5.66
2037611,Dongning,CN,44.0622,131.1207,73.9,45,87,1.34
2290849,Bouna,CI,9.2667,-3.0,70.77,95,76,3.31
2033196,Zhangjiakou,CN,40.81,114.8794,70.12,49,36,3.31
2120612,Tigil',RU,57.8,158.6667,54.12,78,99,5.99
3389822,Salinópolis,BR,-0.6136,-47.3561,77.95,85,4,6.24
3394023,Natal,BR,-5.795,-35.2094,73.62,100,40,5.75
4033077,Vaitape,PF,-16.5167,-151.75,79.12,72,0,22.35
210939,Luebo,CD,-5.35,21.4167,73.96,79,96,2.82
5972762,Hay River,CA,60.8156,-115.7999,40.98,81,20,5.75
5859699,College,US,64.8569,-147.8028,45.32,64,20,0.0
1793684,Taihe,CN,30.8712,105.3845,72.41,83,100,5.21
1161724,Chabahar,IR,25.2919,60.643,84.65,67,2,6.08
478050,Ust'-Kulom,RU,61.6864,53.6902,40.69,82,100,6.44
2122262,Palana,RU,59.1167,159.9667,47.84,79,100,7.74
1180729,Dalbandin,PK,28.8947,64.4101,91.29,6,0,4.25
4032369,Pangai,TO,-19.8,-174.35,82.51,65,20,8.05
2738381,Lata,PT,40.1629,-8.3327,61.66,98,24,2.17
625721,Lyuban',BY,52.7985,28.0048,51.94,96,100,9.44
5392126,San Joaquin,US,37.9333,-121.3011,64.33,69,0,5.84
5975034,High Prairie,CA,55.4334,-116.4858,40.3,70,22,4.76
5919850,Chapais,CA,49.7834,-74.8492,53.38,78,21,9.13
946058,Mthatha,ZA,-31.5889,28.7844,45.16,81,20,4.61
2460954,Araouane,ML,18.9048,-3.5265,90.1,37,55,6.93
3347019,Mossamedes,AO,-15.1961,12.1522,61.68,87,61,7.38
561804,Gavrilovka Vtoraya,RU,52.877,42.7663,47.01,63,100,3.85
2194098,Ahipara,NZ,-35.1667,173.1667,56.1,78,96,13.15
2018553,Ol'ga,RU,43.7444,135.2892,70.34,62,100,6.58
693510,Slobidka,UA,47.8869,29.3461,61.21,75,100,11.52
1819729,Hong Kong,HK,22.2855,114.1577,90.14,71,60,1.99
1639337,Kroya,ID,-7.6331,109.2461,83.84,71,52,13.22
2021031,Kyren,RU,51.6828,102.1408,60.48,61,77,3.11
6301965,Howard Springs,AU,-12.497,131.047,95.76,38,62,5.35
1175296,Kalat,PK,29.0225,66.5916,77.52,11,0,2.06
2037799,Datong,CN,40.0936,113.2914,70.65,41,100,2.44
1731248,Alugan,PH,12.2188,125.4808,83.82,73,100,5.7
5991056,Kenora,CA,49.8167,-94.4337,52.77,87,75,9.22
3655131,La Libertad,EC,-2.2333,-80.9,69.04,86,99,7.56
1168101,Goth Phulji,PK,26.8825,67.6807,102.06,33,0,8.63
2140466,Moindou,NC,-21.6924,165.677,75.15,52,1,12.71
2214827,Mizdah,LY,31.4451,12.9801,67.1,51,0,5.5
2025630,Chara,RU,56.9064,118.2631,43.03,46,87,3.67
4004293,Ixtapa,MX,20.7,-105.2,74.43,100,90,0.0
1855540,Naze,JP,28.3667,129.4833,86.92,74,85,14.07
2527087,Tiznit Province,MA,29.5833,-9.5,63.79,89,10,0.74
2218840,Bani Walid,LY,31.7566,13.9942,68.56,60,0,4.23
532138,Makar'yev,RU,57.8797,43.8069,41.67,66,84,5.97
601551,Akdepe,TM,42.0551,59.3788,75.29,13,0,11.12
6942803,Caraquet,CA,47.7941,-64.9386,49.96,94,1,1.7
1135689,Kunduz,AF,36.729,68.857,88.66,9,0,0.09
6094817,Ottawa,CA,45.4112,-75.6981,54.77,83,1,5.75
2021017,Kysyl-Syr,RU,63.8986,122.7617,47.89,55,100,11.34
2070998,Geraldton,AU,-28.7667,114.6,64.81,48,75,9.22
2446796,Bilma,NE,18.6853,12.9164,82.22,22,25,9.84
496358,Severnyy,RU,50.677,36.5532,44.64,81,0,2.24
894701,Bulawayo,ZW,-20.15,28.5833,65.3,56,27,8.41
3520994,Puerto Escondido,MX,15.85,-97.0667,79.0,84,89,3.09
3995236,Mulegé,MX,26.8833,-111.9833,86.05,60,5,0.56
4034188,Moerai,PF,-22.4333,-151.3333,72.36,71,1,17.54
2139521,Noumea,NC,-22.2763,166.4572,75.18,54,15,9.98
2192362,Christchurch,NZ,-43.5333,172.6333,48.97,47,88,1.99
102527,Sakakah,SA,29.9697,40.2064,78.37,20,0,9.82
4565090,Guánica,PR,17.9716,-66.908,77.04,85,4,1.99
2650983,Droitwich,GB,52.2667,-2.15,53.04,96,100,5.06
934479,Grand Gaube,MU,-20.0064,57.6608,75.38,81,44,7.0
3406196,Barreirinhas,BR,-2.7469,-42.8264,78.51,82,13,10.49
3517970,Pochutla,MX,15.7432,-96.4661,74.82,88,90,2.71
1651103,Atambua,ID,-9.1061,124.8925,86.27,46,3,2.8
1185239,Mathbaria,BD,22.2876,89.9593,87.71,67,93,9.73
2125693,Evensk,RU,61.95,159.2333,48.2,85,18,12.26
6067747,Matagami,CA,49.7502,-77.6328,55.51,76,1,9.22
2278158,Buchanan,LR,5.8808,-10.0467,74.77,90,30,3.47
671849,Olteneşti,RO,46.5833,27.9,60.4,76,97,8.86
64814,Bandarbeyla,SO,9.4942,50.8122,83.03,67,12,24.45
3372472,Vila Franca do Campo,PT,37.7167,-25.4333,68.41,89,85,4.14
1496511,Novy Urengoy,RU,66.0833,76.6333,40.57,96,100,20.83
1803365,Linqiong,CN,30.4159,103.4609,80.42,83,100,3.65
5563839,Fortuna,US,40.5982,-124.1573,48.88,66,1,5.75
3530599,Ciudad del Carmen,MX,18.6333,-91.8333,82.35,81,75,9.06
5954718,Flin Flon,CA,54.7682,-101.865,42.21,94,100,13.02
1492299,Shebalino,RU,51.2917,85.6772,67.33,27,32,9.37
2025241,Churapcha,RU,62.0025,132.4325,49.1,84,100,6.98
2172797,Cairns,AU,-16.9167,145.7667,81.81,56,40,14.97
145531,Saurimo,AO,-9.6608,20.3916,66.2,77,56,5.77
2015913,Suntar,RU,62.1444,117.6319,52.47,40,95,12.77
3579925,St. George's,GD,12.0564,-61.7485,82.08,83,20,10.36
927856,Livingstonia,MW,-10.606,34.1063,67.57,66,65,2.71
